exp_id,method,model,K,macro_f1_val,top1_val,ece_val,f1_chinee_val,f1_snake_val,p50_ms,p95_ms,p99_ms,img_per_s_b32,note,rel_cost_vs_I00
I00,1 view (resize + center crop),T12 seed0 (convnext_tiny),1.0,0.9734559408900394,0.9797200799771494,0.007889199004633963,0.9543378995433789,0.9365853658536586,10.974650038406253,15.790395048679782,17.958926034625637,521.3237714982807,,1.0
I01,"TTA lật ngang, gộp xác suất",T12 seed0 (convnext_tiny),2.0,0.9737409124031756,0.9800057126535275,0.008088901129974293,0.9565217391304347,0.9339853300733497,20.783099986147135,29.313939996063706,32.18915305915292,260.4204813661981,,1.8937369222176377
I03,"TTA lật ngang, gộp logit",T12 seed0 (convnext_tiny),2.0,0.9737409124031756,0.9800057126535275,0.008363546739032134,0.9565217391304347,0.9339853300733497,20.783099986147135,29.313939996063706,32.18915305915292,260.4204813661981,,1.8937369222176377
I02,"TTA 5 crop, gộp xác suất",T12 seed0 (convnext_tiny),5.0,0.9733699480111796,0.9794344473007712,0.005682349747021039,0.9543378995433789,0.9339853300733497,57.244099967647344,64.42425005952828,74.23427093657668,103.98183827006294,,5.216029647170451
I02b,"TTA 10 crop (5 crop + lật), gộp xác suất",T12 seed0 (convnext_tiny),10.0,0.9745536438340088,0.980576978006284,0.004971001849482615,0.9567198177676537,0.9362745098039216,159.89949996583164,217.59629506268539,223.33471103804195,52.882671615374775,,14.569895113398292
I03b,"TTA 10 crop, gộp logit",T12 seed0 (convnext_tiny),10.0,0.974259816630521,0.9802913453299057,0.008129512373020318,0.9567198177676537,0.9362745098039216,159.89949996583164,217.59629506268539,223.33471103804195,52.882671615374775,,14.569895113398292
I04_192,1 view ở độ phân giải 192 (train 224),T12 seed0 (convnext_tiny),1.0,0.9699334647035983,0.9774350185661239,0.011006584105387471,0.9490022172949002,0.9326683291770573,3.9728499832563102,4.497745021944866,4.55964201479219,726.0442268211026,resize 219 + center crop 192,0.36200243008689603
I04_256,1 view ở độ phân giải 256 (train 224),T12 seed0 (convnext_tiny),1.0,0.977751822954559,0.9828620394173093,0.00636292435463821,0.9506726457399103,0.9460784313725491,3.6783500108867884,4.470324929570779,5.381182042183359,404.01132735689254,resize 293 + center crop 256,0.3351678639422894
I04_288,1 view ở độ phân giải 288 (train 224),T12 seed0 (convnext_tiny),1.0,0.9786778835805536,0.9831476720936875,0.007252855641699399,0.9596412556053812,0.9530864197530865,3.9594999980181456,4.873934976058081,6.0538399894721815,304.254090263503,resize 329 + center crop 288,0.36078599173201037
I04_320,1 view ở độ phân giải 320 (train 224),T12 seed0 (convnext_tiny),1.0,0.9746260151604784,0.9802913453299057,0.0049362480992730245,0.9547511312217195,0.945,4.55300003523007,6.685499940067529,7.302086043637248,226.49375291310733,resize 366 + center crop 320,0.4148651683011899
I05,Ensemble 3 mô hình (trung bình xác suất),T12 + B04 + B03,3.0,0.9756071124050109,0.982290774064553,0.0175313878327407,0.9497716894977168,0.9356435643564357,28.456299973186105,39.66845002723857,45.37139304680754,64.40762296386995,độ trễ = tổng các mô hình chạy tuần tự,2.5929118353297897
I06_raw,T11: trọng số raw (không EMA),T11 seed0,1.0,0.9678675442529959,0.9754355898314767,0.010649847766161166,0.9422632794457274,0.9242053789731051,10.974650038406253,15.790395048679782,17.958926034625637,521.3237714982807,cùng epoch với checkpoint EMA,1.0
I06,T11: trọng số EMA (miễn phí lúc suy luận),T11 seed0,1.0,0.9686883325825968,0.976006855184233,0.01044333347452035,0.9447004608294931,0.9290953545232274,10.974650038406253,15.790395048679782,17.958926034625637,521.3237714982807,,1.0
I07,Temperature scaling (T=1.299 khớp trên val),T12 seed0 (convnext_tiny),1.0,0.9734559408900394,0.9797200799771494,0.004994253116521949,0.9543378995433789,0.9365853658536586,10.974650038406253,15.790395048679782,17.958926034625637,521.3237714982807,ECE trước 0.0079 -> sau 0.0050 (2-fold); in-sample 0.0045,1.0
I08,Gộp BN,,,,,,,,,,,,không áp dụng: convnext_tiny không có BatchNorm,
I08b,AMP (autocast FP16),T12 seed0 (convnext_tiny),1.0,0.9734559408900394,0.9797200799771494,0.008096297671013324,0.9543378995433789,0.9365853658536586,14.76130000082776,19.10166001180187,21.14176202565432,931.1813337047156,,1.3450360557439158
