config,gpu,dtype,batch,bn_fused,p50,p95,p99,img_per_s,torch
convnext_tiny 224px K=1,NVIDIA GeForce RTX 4060,fp32,1,False,10.974650038406253,15.790395048679782,17.958926034625637,91.11907864947472,2.13.0+cu130
convnext_tiny 224px K=1,NVIDIA GeForce RTX 4060,fp32,32,False,61.382199986837804,62.549859954742715,65.12697297148407,521.3237714982807,2.13.0+cu130
convnext_tiny 224px K=2,NVIDIA GeForce RTX 4060,fp32,1,False,20.783099986147135,29.313939996063706,32.18915305915292,48.11601737308413,2.13.0+cu130
convnext_tiny 224px K=2,NVIDIA GeForce RTX 4060,fp32,32,False,122.8782000252977,125.0894300348591,128.99863800383173,260.4204813661981,2.13.0+cu130
convnext_tiny 224px K=5,NVIDIA GeForce RTX 4060,fp32,1,False,57.244099967647344,64.42425005952828,74.23427093657668,17.46904922193152,2.13.0+cu130
convnext_tiny 224px K=5,NVIDIA GeForce RTX 4060,fp32,32,False,307.74605000624433,311.0258450091351,336.6794640314764,103.98183827006294,2.13.0+cu130
convnext_tiny 224px K=10,NVIDIA GeForce RTX 4060,fp32,1,False,159.89949996583164,217.59629506268539,223.33471103804195,6.253928250017583,2.13.0+cu130
convnext_tiny 224px K=10,NVIDIA GeForce RTX 4060,fp32,32,False,605.1131499698386,640.3914050140884,653.6307219963055,52.882671615374775,2.13.0+cu130
convnext_tiny 192px K=1,NVIDIA GeForce RTX 4060,fp32,1,False,3.9728499832563102,4.497745021944866,4.55964201479219,251.7084723094324,2.13.0+cu130
convnext_tiny 192px K=1,NVIDIA GeForce RTX 4060,fp32,32,False,44.07445003744215,45.3133950359188,46.15445801871829,726.0442268211026,2.13.0+cu130
convnext_tiny 256px K=1,NVIDIA GeForce RTX 4060,fp32,1,False,3.6783500108867884,4.470324929570779,5.381182042183359,271.8610238395766,2.13.0+cu130
convnext_tiny 256px K=1,NVIDIA GeForce RTX 4060,fp32,32,False,79.2057000217028,81.60856498870999,82.62308699195273,404.01132735689254,2.13.0+cu130
convnext_tiny 288px K=1,NVIDIA GeForce RTX 4060,fp32,1,False,3.9594999980181456,4.873934976058081,6.0538399894721815,252.5571411795761,2.13.0+cu130
convnext_tiny 288px K=1,NVIDIA GeForce RTX 4060,fp32,32,False,105.17524997703731,112.22615001606755,113.56292600394227,304.254090263503,2.13.0+cu130
convnext_tiny 320px K=1,NVIDIA GeForce RTX 4060,fp32,1,False,4.55300003523007,6.685499940067529,7.302086043637248,219.63540352783423,2.13.0+cu130
convnext_tiny 320px K=1,NVIDIA GeForce RTX 4060,fp32,32,False,141.28424995578825,152.266495017102,153.4617309330497,226.49375291310733,2.13.0+cu130
convnext_tiny 224px K=1,NVIDIA GeForce RTX 4060,fp32,1,False,7.442399975843728,12.899659981485453,14.329044999321924,134.3652589548753,2.13.0+cu130
convnext_tiny 224px K=1,NVIDIA GeForce RTX 4060,fp32,32,False,83.23260000906885,100.01522501115687,100.78563698451035,384.4647409370048,2.13.0+cu130
convnext_tiny 224px K=1,NVIDIA GeForce RTX 4060,fp32,1,False,10.039249958936125,10.978394997073337,13.083422012859977,99.60903494686684,2.13.0+cu130
convnext_tiny 224px K=1,NVIDIA GeForce RTX 4060,fp32,32,False,352.22080000676215,370.04416502895765,379.4616530055646,90.85210186163238,2.13.0+cu130
convnext_tiny 224px K=1,NVIDIA GeForce RTX 4060,amp,1,False,14.76130000082776,19.10166001180187,21.14176202565432,67.74471082790294,2.13.0+cu130
convnext_tiny 224px K=1,NVIDIA GeForce RTX 4060,amp,32,False,34.36495002824813,36.25478500616737,36.45939400768839,931.1813337047156,2.13.0+cu130
convnext_tiny 224px K=1 (CPU),CPU: 12th Gen Intel(R) Core(TM) i7-12700K,fp32,1,False,93.61410007113591,98.70886993594468,101.13102401723154,10.682151505383436,2.13.0+cu130
convnext_tiny 224px ONNX Runtime (CPU),CPU: 12th Gen Intel(R) Core(TM) i7-12700K,fp32,1,onnx,395.9431500406936,452.02226998517284,464.5685790106654,2.5256151038279704,onnxruntime 1.23.2
